anio,facultad,carrera,tasa_admision_programa,aspirantes_mujeres,admitidas_mujeres,aspirantes_hombres,admitidos_hombres,aspirantes_total,admitidos_total,tasa_mujeres,tasa_hombres
2000,Facultad de Ingeniería,Ing. Mecatrónica,0.2393,133,29,205,43,338,72,0.21804511278195488,0.2097560975609756
2000,Facultad de Ingeniería,Ing. Eléctrica,0.2151,154,28,187,38,341,66,0.18181818181818182,0.20320855614973263
2000,Facultad de Ingeniería,Ing. Industrial,0.5382,62,35,345,187,407,222,0.5645161290322581,0.5420289855072464
2000,Facultad de Computación y Datos,Ing. en Computación,0.4907,100,47,338,154,438,201,0.47,0.4556213017751479
2000,Facultad de Computación y Datos,Ciencia de Datos,0.0939,272,23,139,5,411,28,0.08455882352941177,0.03597122302158273
2000,Facultad de Computación y Datos,Ciberseguridad,0.4724,93,49,281,123,374,172,0.5268817204301075,0.4377224199288256
2000,Facultad de Ciencias de la Salud,Medicina,0.0512,501,38,92,7,593,45,0.07584830339321358,0.07608695652173914
2000,Facultad de Ciencias de la Salud,Enfermería,0.1007,289,34,96,14,385,48,0.11764705882352941,0.14583333333333334
2000,Facultad de Ciencias de la Salud,Nutrición,0.1074,265,22,114,13,379,35,0.0830188679245283,0.11403508771929824
2000,Facultad de Ciencias Naturales,Biología,0.0921,232,21,147,14,379,35,0.09051724137931035,0.09523809523809523
2000,Facultad de Ciencias Naturales,Química,0.1373,175,17,186,31,361,48,0.09714285714285714,0.16666666666666666
2000,Facultad de Ciencias Naturales,Matemáticas,0.4247,150,73,281,109,431,182,0.4866666666666667,0.3879003558718861
2000,Facultad de Ciencias Sociales,Psicología,0.0587,390,19,103,4,493,23,0.04871794871794872,0.038834951456310676
2000,Facultad de Ciencias Sociales,Sociología,0.2141,169,42,176,36,345,78,0.2485207100591716,0.20454545454545456
2000,Facultad de Economía y Negocios,Administración,0.5555,51,28,353,186,404,214,0.5490196078431373,0.5269121813031161
2000,Facultad de Economía y Negocios,Economía,0.4413,83,32,314,127,397,159,0.3855421686746988,0.40445859872611467
2000,Facultad de Economía y Negocios,Contaduría,0.5713,42,19,380,230,422,249,0.4523809523809524,0.6052631578947368
2000,Facultad de Derecho y Gobierno,Derecho,0.0748,365,27,151,11,516,38,0.07397260273972603,0.0728476821192053
2000,Facultad de Derecho y Gobierno,Administración Pública,0.5359,74,42,348,178,422,220,0.5675675675675675,0.5114942528735632
2000,Facultad de Artes y Diseño,Arquitectura,0.0604,385,18,106,8,491,26,0.046753246753246755,0.07547169811320754
2000,Facultad de Artes y Diseño,Diseño Gráfico,0.1267,221,25,141,11,362,36,0.11312217194570136,0.07801418439716312
2000,Facultad de Educación,Pedagogía,0.5769,69,39,284,151,353,190,0.5652173913043478,0.5316901408450704
2000,Facultad de Educación,Educación Física,0.5225,111,53,277,157,388,210,0.4774774774774775,0.5667870036101083
2000,Facultad de Humanidades,Historia,0.4818,75,28,262,123,337,151,0.37333333333333335,0.46946564885496184
2000,Facultad de Humanidades,Literatura,0.5959,52,27,275,165,327,192,0.5192307692307693,0.6
2001,Facultad de Ingeniería,Ing. Mecatrónica,0.2434,146,27,171,41,317,68,0.18493150684931506,0.23976608187134502
2001,Facultad de Ingeniería,Ing. Eléctrica,0.2165,136,33,176,38,312,71,0.2426470588235294,0.2159090909090909
2001,Facultad de Ingeniería,Ing. Industrial,0.5613,92,51,303,153,395,204,0.5543478260869565,0.504950495049505
2001,Facultad de Computación y Datos,Ing. en Computación,0.5086,82,38,322,158,404,196,0.4634146341463415,0.4906832298136646
2001,Facultad de Computación y Datos,Ciencia de Datos,0.0787,287,21,158,10,445,31,0.07317073170731707,0.06329113924050633
2001,Facultad de Computación y Datos,Ciberseguridad,0.4879,85,38,287,153,372,191,0.4470588235294118,0.5331010452961672
2001,Facultad de Ciencias de la Salud,Medicina,0.04,546,18,95,6,641,24,0.03296703296703297,0.06315789473684211
2001,Facultad de Ciencias de la Salud,Enfermería,0.0824,303,30,100,11,403,41,0.09900990099009901,0.11
2001,Facultad de Ciencias de la Salud,Nutrición,0.1021,277,25,128,12,405,37,0.09025270758122744,0.09375
2001,Facultad de Ciencias Naturales,Biología,0.0875,228,19,114,8,342,27,0.08333333333333333,0.07017543859649122
2001,Facultad de Ciencias Naturales,Química,0.1265,185,23,176,24,361,47,0.12432432432432433,0.13636363636363635
2001,Facultad de Ciencias Naturales,Matemáticas,0.435,153,68,256,102,409,170,0.4444444444444444,0.3984375
2001,Facultad de Ciencias Sociales,Psicología,0.0461,456,17,108,8,564,25,0.03728070175438596,0.07407407407407407
2001,Facultad de Ciencias Sociales,Sociología,0.2125,140,31,184,35,324,66,0.22142857142857142,0.19021739130434784
2001,Facultad de Economía y Negocios,Administración,0.5763,71,48,352,220,423,268,0.676056338028169,0.625
2001,Facultad de Economía y Negocios,Economía,0.4556,100,44,294,128,394,172,0.44,0.43537414965986393
2001,Facultad de Economía y Negocios,Contaduría,0.5993,62,36,379,223,441,259,0.5806451612903226,0.5883905013192612
2001,Facultad de Derecho y Gobierno,Derecho,0.0692,370,22,155,8,525,30,0.05945945945945946,0.05161290322580645
2001,Facultad de Derecho y Gobierno,Administración Pública,0.5618,76,47,325,176,401,223,0.618421052631579,0.5415384615384615
2001,Facultad de Artes y Diseño,Arquitectura,0.0444,379,22,140,6,519,28,0.05804749340369393,0.04285714285714286
2001,Facultad de Artes y Diseño,Diseño Gráfico,0.1168,232,21,135,17,367,38,0.09051724137931035,0.1259259259259259
2001,Facultad de Educación,Pedagogía,0.6141,55,33,272,168,327,201,0.6,0.6176470588235294
2001,Facultad de Educación,Educación Física,0.5475,105,50,271,150,376,200,0.47619047619047616,0.5535055350553506
2001,Facultad de Humanidades,Historia,0.4904,101,55,265,139,366,194,0.5445544554455446,0.5245283018867924
2001,Facultad de Humanidades,Literatura,0.6266,48,30,294,172,342,202,0.625,0.5850340136054422
2002,Facultad de Ingeniería,Ing. Mecatrónica,0.2404,143,37,206,50,349,87,0.25874125874125875,0.24271844660194175
2002,Facultad de Ingeniería,Ing. Eléctrica,0.2138,147,25,197,44,344,69,0.17006802721088435,0.2233502538071066
2002,Facultad de Ingeniería,Ing. Industrial,0.5344,81,44,365,192,446,236,0.5432098765432098,0.5260273972602739
2002,Facultad de Computación y Datos,Ing. en Computación,0.4884,94,42,289,148,383,190,0.44680851063829785,0.5121107266435986
2002,Facultad de Computación y Datos,Ciencia de Datos,0.0896,314,21,167,12,481,33,0.06687898089171974,0.0718562874251497
2002,Facultad de Computación y Datos,Ciberseguridad,0.4643,109,54,326,144,435,198,0.4954128440366973,0.44171779141104295
2002,Facultad de Ciencias de la Salud,Medicina,0.0567,491,31,106,7,597,38,0.06313645621181263,0.0660377358490566
2002,Facultad de Ciencias de la Salud,Enfermería,0.1087,329,30,113,15,442,45,0.0911854103343465,0.13274336283185842
2002,Facultad de Ciencias de la Salud,Nutrición,0.1103,301,32,119,15,420,47,0.10631229235880399,0.12605042016806722
2002,Facultad de Ciencias Naturales,Biología,0.1012,268,26,132,20,400,46,0.09701492537313433,0.15151515151515152
2002,Facultad de Ciencias Naturales,Química,0.1397,208,35,197,30,405,65,0.16826923076923078,0.15228426395939088
2002,Facultad de Ciencias Naturales,Matemáticas,0.4257,146,55,254,112,400,167,0.3767123287671233,0.4409448818897638
2002,Facultad de Ciencias Sociales,Psicología,0.0738,432,21,101,7,533,28,0.04861111111111111,0.06930693069306931
2002,Facultad de Ciencias Sociales,Sociología,0.2128,156,30,191,39,347,69,0.19230769230769232,0.20418848167539266
2002,Facultad de Economía y Negocios,Administración,0.5505,75,43,410,213,485,256,0.5733333333333334,0.5195121951219512
2002,Facultad de Economía y Negocios,Economía,0.442,91,41,310,144,401,185,0.45054945054945056,0.4645161290322581
2002,Facultad de Economía y Negocios,Contaduría,0.5586,61,36,406,234,467,270,0.5901639344262295,0.5763546798029556
2002,Facultad de Derecho y Gobierno,Derecho,0.0796,381,38,141,9,522,47,0.09973753280839895,0.06382978723404255
2002,Facultad de Derecho y Gobierno,Administración Pública,0.5319,72,34,357,187,429,221,0.4722222222222222,0.5238095238095238
2002,Facultad de Artes y Diseño,Arquitectura,0.0609,375,22,116,5,491,27,0.058666666666666666,0.04310344827586207
2002,Facultad de Artes y Diseño,Diseño Gráfico,0.1273,237,27,165,15,402,42,0.11392405063291139,0.09090909090909091
2002,Facultad de Educación,Pedagogía,0.5801,63,32,281,159,344,191,0.5079365079365079,0.5658362989323843
2002,Facultad de Educación,Educación Física,0.5237,104,57,310,167,414,224,0.5480769230769231,0.5387096774193548
2002,Facultad de Humanidades,Historia,0.485,99,40,269,123,368,163,0.40404040404040403,0.45724907063197023
2002,Facultad de Humanidades,Literatura,0.5889,54,26,306,176,360,202,0.48148148148148145,0.5751633986928104
2003,Facultad de Ingeniería,Ing. Mecatrónica,0.2463,118,26,200,55,318,81,0.22033898305084745,0.275
2003,Facultad de Ingeniería,Ing. Eléctrica,0.2203,151,29,219,46,370,75,0.19205298013245034,0.2100456621004566
2003,Facultad de Ingeniería,Ing. Industrial,0.5591,66,35,347,187,413,222,0.5303030303030303,0.5389048991354467
2003,Facultad de Computación y Datos,Ing. en Computación,0.5059,79,33,323,184,402,217,0.4177215189873418,0.5696594427244582
2003,Facultad de Computación y Datos,Ciencia de Datos,0.0843,309,31,149,13,458,44,0.10032362459546926,0.087248322147651
2003,Facultad de Computación y Datos,Ciberseguridad,0.4854,92,39,301,142,393,181,0.42391304347826086,0.4717607973421927
2003,Facultad de Ciencias de la Salud,Medicina,0.0461,527,29,102,3,629,32,0.05502846299810247,0.029411764705882353
2003,Facultad de Ciencias de la Salud,Enfermería,0.1005,292,23,112,13,404,36,0.07876712328767123,0.11607142857142858
2003,Facultad de Ciencias de la Salud,Nutrición,0.1071,279,29,121,21,400,50,0.1039426523297491,0.17355371900826447
2003,Facultad de Ciencias Naturales,Biología,0.0926,235,24,132,16,367,40,0.10212765957446808,0.12121212121212122
2003,Facultad de Ciencias Naturales,Química,0.1244,179,21,203,21,382,42,0.11731843575418995,0.10344827586206896
2003,Facultad de Ciencias Naturales,Matemáticas,0.4348,141,52,246,101,387,153,0.36879432624113473,0.4105691056910569
2003,Facultad de Ciencias Sociales,Psicología,0.054,400,21,92,3,492,24,0.0525,0.03260869565217391
2003,Facultad de Ciencias Sociales,Sociología,0.2102,141,32,205,43,346,75,0.22695035460992907,0.2097560975609756
2003,Facultad de Economía y Negocios,Administración,0.5735,61,34,343,201,404,235,0.5573770491803278,0.5860058309037901
2003,Facultad de Economía y Negocios,Economía,0.4578,89,41,260,116,349,157,0.4606741573033708,0.4461538461538462
2003,Facultad de Economía y Negocios,Contaduría,0.5823,58,36,322,182,380,218,0.6206896551724138,0.5652173913043478
2003,Facultad de Derecho y Gobierno,Derecho,0.0638,359,26,138,5,497,31,0.07242339832869081,0.036231884057971016
2003,Facultad de Derecho y Gobierno,Administración Pública,0.5578,72,40,361,207,433,247,0.5555555555555556,0.5734072022160664
2003,Facultad de Artes y Diseño,Arquitectura,0.0504,366,19,114,4,480,23,0.05191256830601093,0.03508771929824561
2003,Facultad de Artes y Diseño,Diseño Gráfico,0.1251,257,29,147,13,404,42,0.11284046692607004,0.08843537414965986
2003,Facultad de Educación,Pedagogía,0.6031,51,32,253,151,304,183,0.6274509803921569,0.5968379446640316
2003,Facultad de Educación,Educación Física,0.5465,102,57,275,154,377,211,0.5588235294117647,0.56
2003,Facultad de Humanidades,Historia,0.4989,104,55,291,142,395,197,0.5288461538461539,0.4879725085910653
2003,Facultad de Humanidades,Literatura,0.6105,42,27,290,171,332,198,0.6428571428571429,0.5896551724137931
2004,Facultad de Ingeniería,Ing. Mecatrónica,0.243,135,29,184,46,319,75,0.21481481481481482,0.25
2004,Facultad de Ingeniería,Ing. Eléctrica,0.2249,166,42,180,43,346,85,0.25301204819277107,0.2388888888888889
2004,Facultad de Ingeniería,Ing. Industrial,0.5372,69,37,327,191,396,228,0.5362318840579711,0.5840978593272171
2004,Facultad de Computación y Datos,Ing. en Computación,0.4842,94,55,312,145,406,200,0.5851063829787234,0.46474358974358976
2004,Facultad de Computación y Datos,Ciencia de Datos,0.0926,286,34,130,19,416,53,0.11888111888111888,0.14615384615384616
2004,Facultad de Computación y Datos,Ciberseguridad,0.463,93,40,313,144,406,184,0.43010752688172044,0.46006389776357826
2004,Facultad de Ciencias de la Salud,Medicina,0.0589,509,21,78,4,587,25,0.0412573673870334,0.05128205128205128
2004,Facultad de Ciencias de la Salud,Enfermería,0.1026,319,44,115,13,434,57,0.13793103448275862,0.11304347826086956
2004,Facultad de Ciencias de la Salud,Nutrición,0.1157,249,26,123,13,372,39,0.10441767068273092,0.10569105691056911
2004,Facultad de Ciencias Naturales,Biología,0.1017,245,25,131,13,376,38,0.10204081632653061,0.09923664122137404
2004,Facultad de Ciencias Naturales,Química,0.1454,175,23,178,18,353,41,0.13142857142857142,0.10112359550561797
2004,Facultad de Ciencias Naturales,Matemáticas,0.4169,137,60,236,108,373,168,0.43795620437956206,0.4576271186440678
2004,Facultad de Ciencias Sociales,Psicología,0.0726,455,33,91,7,546,40,0.07252747252747253,0.07692307692307693
2004,Facultad de Ciencias Sociales,Sociología,0.2212,147,33,202,46,349,79,0.22448979591836735,0.22772277227722773
2004,Facultad de Economía y Negocios,Administración,0.5407,50,20,324,187,374,207,0.4,0.5771604938271605
2004,Facultad de Economía y Negocios,Economía,0.4471,90,42,272,111,362,153,0.4666666666666667,0.40808823529411764
2004,Facultad de Economía y Negocios,Contaduría,0.5709,55,32,375,213,430,245,0.5818181818181818,0.568
2004,Facultad de Derecho y Gobierno,Derecho,0.0797,326,21,127,13,453,34,0.06441717791411043,0.10236220472440945
2004,Facultad de Derecho y Gobierno,Administración Pública,0.5331,57,34,341,177,398,211,0.5964912280701754,0.5190615835777126
2004,Facultad de Artes y Diseño,Arquitectura,0.0661,362,28,103,7,465,35,0.07734806629834254,0.06796116504854369
2004,Facultad de Artes y Diseño,Diseño Gráfico,0.1248,197,21,150,14,347,35,0.1065989847715736,0.09333333333333334
2004,Facultad de Educación,Pedagogía,0.5816,45,26,271,159,316,185,0.5777777777777777,0.5867158671586716
2004,Facultad de Educación,Educación Física,0.5259,88,45,282,156,370,201,0.5113636363636364,0.5531914893617021
2004,Facultad de Humanidades,Historia,0.4831,79,39,302,144,381,183,0.4936708860759494,0.4768211920529801
2004,Facultad de Humanidades,Literatura,0.5885,65,42,292,177,357,219,0.6461538461538462,0.6061643835616438
2005,Facultad de Ingeniería,Ing. Mecatrónica,0.2453,144,33,171,34,315,67,0.22916666666666666,0.19883040935672514
2005,Facultad de Ingeniería,Ing. Eléctrica,0.2169,141,33,165,36,306,69,0.23404255319148937,0.21818181818181817
2005,Facultad de Ingeniería,Ing. Industrial,0.5617,65,42,302,165,367,207,0.6461538461538462,0.5463576158940397
2005,Facultad de Computación y Datos,Ing. en Computación,0.5099,78,43,274,153,352,196,0.5512820512820513,0.5583941605839416
2005,Facultad de Computación y Datos,Ciencia de Datos,0.0842,256,17,145,15,401,32,0.06640625,0.10344827586206896
2005,Facultad de Computación y Datos,Ciberseguridad,0.486,76,37,285,135,361,172,0.4868421052631579,0.47368421052631576
2005,Facultad de Ciencias de la Salud,Medicina,0.04,469,17,73,3,542,20,0.03624733475479744,0.0410958904109589
2005,Facultad de Ciencias de la Salud,Enfermería,0.0899,246,22,82,9,328,31,0.08943089430894309,0.10975609756097561
2005,Facultad de Ciencias de la Salud,Nutrición,0.1109,259,20,89,10,348,30,0.07722007722007722,0.11235955056179775
2005,Facultad de Ciencias Naturales,Biología,0.0876,212,17,137,16,349,33,0.08018867924528301,0.11678832116788321
2005,Facultad de Ciencias Naturales,Química,0.1346,161,20,172,25,333,45,0.12422360248447205,0.14534883720930233
2005,Facultad de Ciencias Naturales,Matemáticas,0.4331,137,49,242,108,379,157,0.35766423357664234,0.4462809917355372
2005,Facultad de Ciencias Sociales,Psicología,0.0606,424,38,76,4,500,42,0.08962264150943396,0.05263157894736842
2005,Facultad de Ciencias Sociales,Sociología,0.2146,144,29,165,36,309,65,0.2013888888888889,0.21818181818181817
2005,Facultad de Economía y Negocios,Administración,0.5715,76,39,314,181,390,220,0.5131578947368421,0.5764331210191083
2005,Facultad de Economía y Negocios,Economía,0.4544,92,43,258,121,350,164,0.4673913043478261,0.4689922480620155
2005,Facultad de Economía y Negocios,Contaduría,0.579,48,19,364,210,412,229,0.3958333333333333,0.5769230769230769
2005,Facultad de Derecho y Gobierno,Derecho,0.0672,368,27,137,17,505,44,0.07336956521739131,0.12408759124087591
2005,Facultad de Derecho y Gobierno,Administración Pública,0.5569,46,27,292,175,338,202,0.5869565217391305,0.5993150684931506
2005,Facultad de Artes y Diseño,Arquitectura,0.042,350,18,125,4,475,22,0.05142857142857143,0.032
2005,Facultad de Artes y Diseño,Diseño Gráfico,0.1205,207,26,139,13,346,39,0.12560386473429952,0.09352517985611511
2005,Facultad de Educación,Pedagogía,0.6007,51,31,246,141,297,172,0.6078431372549019,0.573170731707317
2005,Facultad de Educación,Educación Física,0.551,90,46,221,123,311,169,0.5111111111111111,0.5565610859728507
2005,Facultad de Humanidades,Historia,0.4976,87,48,253,120,340,168,0.5517241379310345,0.4743083003952569
2005,Facultad de Humanidades,Literatura,0.615,47,26,266,160,313,186,0.5531914893617021,0.6015037593984962
2006,Facultad de Ingeniería,Ing. Mecatrónica,0.2378,144,29,172,30,316,59,0.2013888888888889,0.1744186046511628
2006,Facultad de Ingeniería,Ing. Eléctrica,0.2234,149,32,165,31,314,63,0.21476510067114093,0.18787878787878787
2006,Facultad de Ingeniería,Ing. Industrial,0.5499,64,28,257,132,321,160,0.4375,0.5136186770428015
2006,Facultad de Computación y Datos,Ing. en Computación,0.506,77,31,287,136,364,167,0.4025974025974026,0.4738675958188153
2006,Facultad de Computación y Datos,Ciencia de Datos,0.0726,234,19,165,8,399,27,0.0811965811965812,0.048484848484848485
2006,Facultad de Computación y Datos,Ciberseguridad,0.4774,78,35,278,125,356,160,0.44871794871794873,0.44964028776978415
2006,Facultad de Ciencias de la Salud,Medicina,0.044,421,21,88,2,509,23,0.0498812351543943,0.022727272727272728
2006,Facultad de Ciencias de la Salud,Enfermería,0.0903,263,25,99,10,362,35,0.09505703422053231,0.10101010101010101
2006,Facultad de Ciencias de la Salud,Nutrición,0.0931,239,14,123,11,362,25,0.058577405857740586,0.08943089430894309
2006,Facultad de Ciencias Naturales,Biología,0.0833,234,17,125,8,359,25,0.07264957264957266,0.064
2006,Facultad de Ciencias Naturales,Química,0.1252,171,17,165,20,336,37,0.09941520467836257,0.12121212121212122
2006,Facultad de Ciencias Naturales,Matemáticas,0.4303,135,63,232,110,367,173,0.4666666666666667,0.47413793103448276
2006,Facultad de Ciencias Sociales,Psicología,0.0568,361,15,102,6,463,21,0.04155124653739612,0.058823529411764705
2006,Facultad de Ciencias Sociales,Sociología,0.2096,132,40,207,36,339,76,0.30303030303030304,0.17391304347826086
2006,Facultad de Economía y Negocios,Administración,0.5684,71,43,346,190,417,233,0.6056338028169014,0.5491329479768786
2006,Facultad de Economía y Negocios,Economía,0.4547,91,34,291,127,382,161,0.37362637362637363,0.436426116838488
2006,Facultad de Economía y Negocios,Contaduría,0.5855,52,31,356,208,408,239,0.5961538461538461,0.5842696629213483
2006,Facultad de Derecho y Gobierno,Derecho,0.0641,329,21,140,9,469,30,0.06382978723404255,0.06428571428571428
2006,Facultad de Derecho y Gobierno,Administración Pública,0.5588,54,29,329,189,383,218,0.5370370370370371,0.574468085106383
2006,Facultad de Artes y Diseño,Arquitectura,0.0525,350,18,105,2,455,20,0.05142857142857143,0.01904761904761905
2006,Facultad de Artes y Diseño,Diseño Gráfico,0.1142,203,17,119,14,322,31,0.08374384236453201,0.11764705882352941
2006,Facultad de Educación,Pedagogía,0.5956,46,30,216,145,262,175,0.6521739130434783,0.6712962962962963
2006,Facultad de Educación,Educación Física,0.5395,88,45,242,112,330,157,0.5113636363636364,0.4628099173553719
2006,Facultad de Humanidades,Historia,0.4928,83,46,216,112,299,158,0.5542168674698795,0.5185185185185185
2006,Facultad de Humanidades,Literatura,0.614,56,25,299,181,355,206,0.44642857142857145,0.6053511705685619
2007,Facultad de Ingeniería,Ing. Mecatrónica,0.2481,123,33,197,43,320,76,0.2682926829268293,0.2182741116751269
2007,Facultad de Ingeniería,Ing. Eléctrica,0.2184,151,28,211,51,362,79,0.18543046357615894,0.24170616113744076
2007,Facultad de Ingeniería,Ing. Industrial,0.5529,72,37,354,199,426,236,0.5138888888888888,0.5621468926553672
2007,Facultad de Computación y Datos,Ing. en Computación,0.5011,89,40,315,165,404,205,0.449438202247191,0.5238095238095238
2007,Facultad de Computación y Datos,Ciencia de Datos,0.09,275,25,171,15,446,40,0.09090909090909091,0.08771929824561403
2007,Facultad de Computación y Datos,Ciberseguridad,0.4788,98,50,285,144,383,194,0.5102040816326531,0.5052631578947369
2007,Facultad de Ciencias de la Salud,Medicina,0.0555,518,36,79,5,597,41,0.0694980694980695,0.06329113924050633
2007,Facultad de Ciencias de la Salud,Enfermería,0.0982,322,32,105,12,427,44,0.09937888198757763,0.11428571428571428
2007,Facultad de Ciencias de la Salud,Nutrición,0.1128,246,27,87,14,333,41,0.10975609756097561,0.16091954022988506
2007,Facultad de Ciencias Naturales,Biología,0.0921,275,30,159,14,434,44,0.10909090909090909,0.0880503144654088
2007,Facultad de Ciencias Naturales,Química,0.1393,184,32,188,30,372,62,0.17391304347826086,0.1595744680851064
2007,Facultad de Ciencias Naturales,Matemáticas,0.4274,169,78,248,114,417,192,0.46153846153846156,0.4596774193548387
2007,Facultad de Ciencias Sociales,Psicología,0.0682,423,33,90,4,513,37,0.07801418439716312,0.044444444444444446
2007,Facultad de Ciencias Sociales,Sociología,0.2201,149,35,186,30,335,65,0.2348993288590604,0.16129032258064516
2007,Facultad de Economía y Negocios,Administración,0.5642,70,43,342,200,412,243,0.6142857142857143,0.5847953216374269
2007,Facultad de Economía y Negocios,Economía,0.4509,97,40,299,131,396,171,0.41237113402061853,0.43812709030100333
2007,Facultad de Economía y Negocios,Contaduría,0.5813,53,32,344,202,397,234,0.6037735849056604,0.5872093023255814
2007,Facultad de Derecho y Gobierno,Derecho,0.0692,376,28,132,9,508,37,0.07446808510638298,0.06818181818181818
2007,Facultad de Derecho y Gobierno,Administración Pública,0.5478,59,32,319,172,378,204,0.5423728813559322,0.5391849529780565
2007,Facultad de Artes y Diseño,Arquitectura,0.0571,353,21,101,7,454,28,0.059490084985835696,0.06930693069306931
2007,Facultad de Artes y Diseño,Diseño Gráfico,0.1205,244,22,136,14,380,36,0.09016393442622951,0.10294117647058823
2007,Facultad de Educación,Pedagogía,0.593,60,37,262,154,322,191,0.6166666666666667,0.5877862595419847
2007,Facultad de Educación,Educación Física,0.5325,92,42,231,108,323,150,0.45652173913043476,0.4675324675324675
2007,Facultad de Humanidades,Historia,0.4865,100,53,269,125,369,178,0.53,0.4646840148698885
2007,Facultad de Humanidades,Literatura,0.5992,56,31,288,177,344,208,0.5535714285714286,0.6145833333333334
2008,Facultad de Ingeniería,Ing. Mecatrónica,0.2429,157,32,196,44,353,76,0.20382165605095542,0.22448979591836735
2008,Facultad de Ingeniería,Ing. Eléctrica,0.221,151,31,173,31,324,62,0.2052980132450331,0.1791907514450867
2008,Facultad de Ingeniería,Ing. Industrial,0.5529,87,48,348,196,435,244,0.5517241379310345,0.5632183908045977
2008,Facultad de Computación y Datos,Ing. en Computación,0.4957,89,45,340,169,429,214,0.5056179775280899,0.4970588235294118
2008,Facultad de Computación y Datos,Ciencia de Datos,0.0876,318,34,153,11,471,45,0.1069182389937107,0.0718954248366013
2008,Facultad de Computación y Datos,Ciberseguridad,0.4764,99,45,339,152,438,197,0.45454545454545453,0.44837758112094395
2008,Facultad de Ciencias de la Salud,Medicina,0.052,600,31,104,6,704,37,0.051666666666666666,0.057692307692307696
2008,Facultad de Ciencias de la Salud,Enfermería,0.0956,330,34,109,7,439,41,0.10303030303030303,0.06422018348623854
2008,Facultad de Ciencias de la Salud,Nutrición,0.111,270,24,127,7,397,31,0.08888888888888889,0.05511811023622047
2008,Facultad de Ciencias Naturales,Biología,0.0907,278,24,164,19,442,43,0.08633093525179857,0.11585365853658537
2008,Facultad de Ciencias Naturales,Química,0.1413,194,22,193,27,387,49,0.1134020618556701,0.13989637305699482
2008,Facultad de Ciencias Naturales,Matemáticas,0.4385,167,75,234,111,401,186,0.4491017964071856,0.47435897435897434
2008,Facultad de Ciencias Sociales,Psicología,0.0627,444,26,120,8,564,34,0.05855855855855856,0.06666666666666667
2008,Facultad de Ciencias Sociales,Sociología,0.2226,167,35,225,62,392,97,0.20958083832335328,0.27555555555555555
2008,Facultad de Economía y Negocios,Administración,0.5588,76,46,393,229,469,275,0.6052631578947368,0.5826972010178118
2008,Facultad de Economía y Negocios,Economía,0.4545,104,47,320,155,424,202,0.4519230769230769,0.484375
2008,Facultad de Economía y Negocios,Contaduría,0.5795,52,32,392,230,444,262,0.6153846153846154,0.5867346938775511
2008,Facultad de Derecho y Gobierno,Derecho,0.0778,373,43,127,9,500,52,0.11528150134048257,0.07086614173228346
2008,Facultad de Derecho y Gobierno,Administración Pública,0.5417,70,31,362,200,432,231,0.44285714285714284,0.5524861878453039
2008,Facultad de Artes y Diseño,Arquitectura,0.0582,378,18,119,5,497,23,0.047619047619047616,0.04201680672268908
2008,Facultad de Artes y Diseño,Diseño Gráfico,0.1274,253,22,134,12,387,34,0.08695652173913043,0.08955223880597014
2008,Facultad de Educación,Pedagogía,0.5919,68,46,290,166,358,212,0.6764705882352942,0.5724137931034483
2008,Facultad de Educación,Educación Física,0.5348,99,60,255,136,354,196,0.6060606060606061,0.5333333333333333
2008,Facultad de Humanidades,Historia,0.4915,111,55,275,138,386,193,0.4954954954954955,0.5018181818181818
2008,Facultad de Humanidades,Literatura,0.6026,46,26,277,161,323,187,0.5652173913043478,0.5812274368231047
2009,Facultad de Ingeniería,Ing. Mecatrónica,0.2477,160,30,205,51,365,81,0.1875,0.24878048780487805
2009,Facultad de Ingeniería,Ing. Eléctrica,0.2224,160,38,215,43,375,81,0.2375,0.2
2009,Facultad de Ingeniería,Ing. Industrial,0.5505,97,55,353,200,450,255,0.5670103092783505,0.56657223796034
2009,Facultad de Computación y Datos,Ing. en Computación,0.4998,126,58,300,147,426,205,0.4603174603174603,0.49
2009,Facultad de Computación y Datos,Ciencia de Datos,0.088,274,31,170,21,444,52,0.11313868613138686,0.12352941176470589
2009,Facultad de Computación y Datos,Ciberseguridad,0.4748,104,51,309,161,413,212,0.49038461538461536,0.5210355987055016
2009,Facultad de Ciencias de la Salud,Medicina,0.0521,557,20,79,5,636,25,0.03590664272890485,0.06329113924050633
2009,Facultad de Ciencias de la Salud,Enfermería,0.1103,311,33,113,9,424,42,0.10610932475884244,0.07964601769911504
2009,Facultad de Ciencias de la Salud,Nutrición,0.1098,256,28,116,13,372,41,0.109375,0.11206896551724138
2009,Facultad de Ciencias Naturales,Biología,0.0898,225,20,141,8,366,28,0.08888888888888889,0.05673758865248227
2009,Facultad de Ciencias Naturales,Química,0.1357,185,30,196,23,381,53,0.16216216216216217,0.11734693877551021
2009,Facultad de Ciencias Naturales,Matemáticas,0.4232,163,74,273,121,436,195,0.4539877300613497,0.4432234432234432
2009,Facultad de Ciencias Sociales,Psicología,0.0674,445,29,109,5,554,34,0.0651685393258427,0.045871559633027525
2009,Facultad de Ciencias Sociales,Sociología,0.2108,192,34,192,41,384,75,0.17708333333333334,0.21354166666666666
2009,Facultad de Economía y Negocios,Administración,0.5614,65,34,358,205,423,239,0.5230769230769231,0.5726256983240223
2009,Facultad de Economía y Negocios,Economía,0.4428,99,43,296,132,395,175,0.43434343434343436,0.44594594594594594
2009,Facultad de Economía y Negocios,Contaduría,0.5778,79,38,375,214,454,252,0.4810126582278481,0.5706666666666667
2009,Facultad de Derecho y Gobierno,Derecho,0.0642,370,19,139,13,509,32,0.051351351351351354,0.09352517985611511
2009,Facultad de Derecho y Gobierno,Administración Pública,0.55,71,34,348,191,419,225,0.4788732394366197,0.5488505747126436
2009,Facultad de Artes y Diseño,Arquitectura,0.0604,391,24,121,9,512,33,0.061381074168797956,0.0743801652892562
2009,Facultad de Artes y Diseño,Diseño Gráfico,0.1242,253,29,177,17,430,46,0.11462450592885376,0.096045197740113
2009,Facultad de Educación,Pedagogía,0.5919,52,27,282,150,334,177,0.5192307692307693,0.5319148936170213
2009,Facultad de Educación,Educación Física,0.5308,80,47,269,140,349,187,0.5875,0.5204460966542751
2009,Facultad de Humanidades,Historia,0.4823,100,58,262,125,362,183,0.58,0.4770992366412214
2009,Facultad de Humanidades,Literatura,0.6,65,40,290,166,355,206,0.6153846153846154,0.5724137931034483
2010,Facultad de Ingeniería,Ing. Mecatrónica,0.2457,157,41,173,42,330,83,0.2611464968152866,0.24277456647398843
2010,Facultad de Ingeniería,Ing. Eléctrica,0.2229,141,28,189,35,330,63,0.19858156028368795,0.18518518518518517
2010,Facultad de Ingeniería,Ing. Industrial,0.5447,73,41,335,188,408,229,0.5616438356164384,0.5611940298507463
2010,Facultad de Computación y Datos,Ing. en Computación,0.5003,90,48,289,161,379,209,0.5333333333333333,0.5570934256055363
2010,Facultad de Computación y Datos,Ciencia de Datos,0.0828,270,20,134,9,404,29,0.07407407407407407,0.06716417910447761
2010,Facultad de Computación y Datos,Ciberseguridad,0.4731,113,44,314,154,427,198,0.3893805309734513,0.49044585987261147
2010,Facultad de Ciencias de la Salud,Medicina,0.0493,504,29,90,1,594,30,0.057539682539682536,0.011111111111111112
2010,Facultad de Ciencias de la Salud,Enfermería,0.0927,260,26,105,11,365,37,0.1,0.10476190476190476
2010,Facultad de Ciencias de la Salud,Nutrición,0.114,264,35,111,12,375,47,0.13257575757575757,0.10810810810810811
2010,Facultad de Ciencias Naturales,Biología,0.0844,252,18,114,10,366,28,0.07142857142857142,0.08771929824561403
2010,Facultad de Ciencias Naturales,Química,0.1358,173,26,183,28,356,54,0.15028901734104047,0.15300546448087432
2010,Facultad de Ciencias Naturales,Matemáticas,0.4246,154,60,235,95,389,155,0.38961038961038963,0.40425531914893614
2010,Facultad de Ciencias Sociales,Psicología,0.0604,387,22,108,7,495,29,0.056847545219638244,0.06481481481481481
2010,Facultad de Ciencias Sociales,Sociología,0.2129,161,28,208,48,369,76,0.17391304347826086,0.23076923076923078
2010,Facultad de Economía y Negocios,Administración,0.549,57,28,326,175,383,203,0.49122807017543857,0.5368098159509203
2010,Facultad de Economía y Negocios,Economía,0.4485,85,35,270,127,355,162,0.4117647058823529,0.4703703703703704
2010,Facultad de Economía y Negocios,Contaduría,0.5785,60,36,375,220,435,256,0.6,0.5866666666666667
2010,Facultad de Derecho y Gobierno,Derecho,0.079,325,16,136,10,461,26,0.04923076923076923,0.07352941176470588
2010,Facultad de Derecho y Gobierno,Administración Pública,0.5443,78,42,310,176,388,218,0.5384615384615384,0.567741935483871
2010,Facultad de Artes y Diseño,Arquitectura,0.057,340,17,130,15,470,32,0.05,0.11538461538461539
2010,Facultad de Artes y Diseño,Diseño Gráfico,0.1198,221,36,142,14,363,50,0.16289592760180996,0.09859154929577464
2010,Facultad de Educación,Pedagogía,0.5865,60,35,248,131,308,166,0.5833333333333334,0.5282258064516129
2010,Facultad de Educación,Educación Física,0.536,115,60,255,151,370,211,0.5217391304347826,0.592156862745098
2010,Facultad de Humanidades,Historia,0.4919,82,43,259,138,341,181,0.524390243902439,0.5328185328185329
2010,Facultad de Humanidades,Literatura,0.5948,46,23,266,143,312,166,0.5,0.5375939849624061
2011,Facultad de Ingeniería,Ing. Mecatrónica,0.2415,121,37,200,43,321,80,0.30578512396694213,0.215
2011,Facultad de Ingeniería,Ing. Eléctrica,0.2189,144,32,174,29,318,61,0.2222222222222222,0.16666666666666666
2011,Facultad de Ingeniería,Ing. Industrial,0.5337,77,36,319,162,396,198,0.4675324675324675,0.5078369905956113
2011,Facultad de Computación y Datos,Ing. en Computación,0.4919,83,43,296,141,379,184,0.5180722891566265,0.47635135135135137
2011,Facultad de Computación y Datos,Ciencia de Datos,0.0906,231,23,140,15,371,38,0.09956709956709957,0.10714285714285714
2011,Facultad de Computación y Datos,Ciberseguridad,0.4685,100,53,281,130,381,183,0.53,0.4626334519572954
2011,Facultad de Ciencias de la Salud,Medicina,0.0526,499,24,87,2,586,26,0.04809619238476954,0.022988505747126436
2011,Facultad de Ciencias de la Salud,Enfermería,0.0987,313,43,97,10,410,53,0.13738019169329074,0.10309278350515463
2011,Facultad de Ciencias de la Salud,Nutrición,0.1125,234,23,126,16,360,39,0.09829059829059829,0.12698412698412698
2011,Facultad de Ciencias Naturales,Biología,0.0943,264,23,134,12,398,35,0.08712121212121213,0.08955223880597014
2011,Facultad de Ciencias Naturales,Química,0.1376,169,23,168,31,337,54,0.13609467455621302,0.18452380952380953
2011,Facultad de Ciencias Naturales,Matemáticas,0.4242,168,63,273,107,441,170,0.375,0.39194139194139194
2011,Facultad de Ciencias Sociales,Psicología,0.0675,386,27,87,4,473,31,0.06994818652849741,0.04597701149425287
2011,Facultad de Ciencias Sociales,Sociología,0.213,140,29,181,38,321,67,0.20714285714285716,0.20994475138121546
2011,Facultad de Economía y Negocios,Administración,0.5521,54,35,326,169,380,204,0.6481481481481481,0.5184049079754601
2011,Facultad de Economía y Negocios,Economía,0.4506,85,47,264,116,349,163,0.5529411764705883,0.4393939393939394
2011,Facultad de Economía y Negocios,Contaduría,0.5729,68,38,351,214,419,252,0.5588235294117647,0.6096866096866097
2011,Facultad de Derecho y Gobierno,Derecho,0.0735,373,26,141,13,514,39,0.06970509383378017,0.09219858156028368
2011,Facultad de Derecho y Gobierno,Administración Pública,0.5401,64,28,347,193,411,221,0.4375,0.5561959654178674
2011,Facultad de Artes y Diseño,Arquitectura,0.0552,323,19,93,4,416,23,0.058823529411764705,0.043010752688172046
2011,Facultad de Artes y Diseño,Diseño Gráfico,0.1211,215,29,116,16,331,45,0.13488372093023257,0.13793103448275862
2011,Facultad de Educación,Pedagogía,0.5833,43,26,261,153,304,179,0.6046511627906976,0.5862068965517241
2011,Facultad de Educación,Educación Física,0.5217,91,50,268,143,359,193,0.5494505494505495,0.5335820895522388
2011,Facultad de Humanidades,Historia,0.4768,101,56,267,123,368,179,0.5544554455445545,0.4606741573033708
2011,Facultad de Humanidades,Literatura,0.5919,48,27,270,161,318,188,0.5625,0.5962962962962963
2012,Facultad de Ingeniería,Ing. Mecatrónica,0.2455,162,34,175,39,337,73,0.20987654320987653,0.22285714285714286
2012,Facultad de Ingeniería,Ing. Eléctrica,0.2157,122,24,161,30,283,54,0.19672131147540983,0.18633540372670807
2012,Facultad de Ingeniería,Ing. Industrial,0.5495,80,49,295,166,375,215,0.6125,0.5627118644067797
2012,Facultad de Computación y Datos,Ing. en Computación,0.5049,95,45,280,149,375,194,0.47368421052631576,0.5321428571428571
2012,Facultad de Computación y Datos,Ciencia de Datos,0.0823,298,27,137,11,435,38,0.09060402684563758,0.08029197080291971
2012,Facultad de Computación y Datos,Ciberseguridad,0.4815,91,49,261,118,352,167,0.5384615384615384,0.4521072796934866
2012,Facultad de Ciencias de la Salud,Medicina,0.0422,448,17,90,5,538,22,0.03794642857142857,0.05555555555555555
2012,Facultad de Ciencias de la Salud,Enfermería,0.0887,287,25,90,7,377,32,0.08710801393728224,0.07777777777777778
2012,Facultad de Ciencias de la Salud,Nutrición,0.107,213,22,100,5,313,27,0.10328638497652583,0.05
2012,Facultad de Ciencias Naturales,Biología,0.0893,211,18,120,15,331,33,0.08530805687203792,0.125
2012,Facultad de Ciencias Naturales,Química,0.1261,161,18,158,24,319,42,0.11180124223602485,0.1518987341772152
2012,Facultad de Ciencias Naturales,Matemáticas,0.4276,146,70,242,104,388,174,0.4794520547945205,0.4297520661157025
2012,Facultad de Ciencias Sociales,Psicología,0.0576,386,27,85,10,471,37,0.06994818652849741,0.11764705882352941
2012,Facultad de Ciencias Sociales,Sociología,0.21,136,34,149,34,285,68,0.25,0.22818791946308725
2012,Facultad de Economía y Negocios,Administración,0.5613,58,28,316,177,374,205,0.4827586206896552,0.560126582278481
2012,Facultad de Economía y Negocios,Economía,0.4534,91,42,278,122,369,164,0.46153846153846156,0.43884892086330934
2012,Facultad de Economía y Negocios,Contaduría,0.5838,57,34,330,202,387,236,0.5964912280701754,0.6121212121212121
2012,Facultad de Derecho y Gobierno,Derecho,0.0606,314,22,124,5,438,27,0.07006369426751592,0.04032258064516129
2012,Facultad de Derecho y Gobierno,Administración Pública,0.5518,59,33,311,178,370,211,0.559322033898305,0.572347266881029
2012,Facultad de Artes y Diseño,Arquitectura,0.0438,365,17,102,2,467,19,0.04657534246575343,0.0196078431372549
2012,Facultad de Artes y Diseño,Diseño Gráfico,0.1188,231,24,118,9,349,33,0.1038961038961039,0.07627118644067797
2012,Facultad de Educación,Pedagogía,0.593,48,27,233,140,281,167,0.5625,0.6008583690987125
2012,Facultad de Educación,Educación Física,0.5372,99,55,250,133,349,188,0.5555555555555556,0.532
2012,Facultad de Humanidades,Historia,0.4938,79,37,263,125,342,162,0.46835443037974683,0.4752851711026616
2012,Facultad de Humanidades,Literatura,0.6124,51,34,256,163,307,197,0.6666666666666666,0.63671875
2013,Facultad de Ingeniería,Ing. Mecatrónica,0.2495,150,40,154,31,304,71,0.26666666666666666,0.2012987012987013
2013,Facultad de Ingeniería,Ing. Eléctrica,0.2192,120,33,164,28,284,61,0.275,0.17073170731707318
2013,Facultad de Ingeniería,Ing. Industrial,0.5498,67,36,273,152,340,188,0.5373134328358209,0.5567765567765568
2013,Facultad de Computación y Datos,Ing. en Computación,0.5004,84,42,254,121,338,163,0.5,0.4763779527559055
2013,Facultad de Computación y Datos,Ciencia de Datos,0.0832,258,18,145,12,403,30,0.06976744186046512,0.08275862068965517
2013,Facultad de Computación y Datos,Ciberseguridad,0.4771,99,46,278,131,377,177,0.46464646464646464,0.4712230215827338
2013,Facultad de Ciencias de la Salud,Medicina,0.048,424,18,86,2,510,20,0.04245283018867924,0.023255813953488372
2013,Facultad de Ciencias de la Salud,Enfermería,0.1016,276,29,98,9,374,38,0.10507246376811594,0.09183673469387756
2013,Facultad de Ciencias de la Salud,Nutrición,0.1117,231,32,112,12,343,44,0.13852813852813853,0.10714285714285714
2013,Facultad de Ciencias Naturales,Biología,0.0976,237,16,130,15,367,31,0.06751054852320675,0.11538461538461539
2013,Facultad de Ciencias Naturales,Química,0.1387,168,13,156,24,324,37,0.07738095238095238,0.15384615384615385
2013,Facultad de Ciencias Naturales,Matemáticas,0.4301,155,68,213,84,368,152,0.43870967741935485,0.39436619718309857
2013,Facultad de Ciencias Sociales,Psicología,0.068,393,27,98,2,491,29,0.06870229007633588,0.02040816326530612
2013,Facultad de Ciencias Sociales,Sociología,0.2192,154,32,185,50,339,82,0.2077922077922078,0.2702702702702703
2013,Facultad de Economía y Negocios,Administración,0.5691,65,33,312,176,377,209,0.5076923076923077,0.5641025641025641
2013,Facultad de Economía y Negocios,Economía,0.4532,80,37,268,119,348,156,0.4625,0.44402985074626866
2013,Facultad de Economía y Negocios,Contaduría,0.5827,69,39,324,198,393,237,0.5652173913043478,0.6111111111111112
2013,Facultad de Derecho y Gobierno,Derecho,0.0736,327,30,115,11,442,41,0.09174311926605505,0.09565217391304348
2013,Facultad de Derecho y Gobierno,Administración Pública,0.5591,52,27,285,155,337,182,0.5192307692307693,0.543859649122807
2013,Facultad de Artes y Diseño,Arquitectura,0.054,338,23,95,3,433,26,0.06804733727810651,0.031578947368421054
2013,Facultad de Artes y Diseño,Diseño Gráfico,0.1288,217,33,124,20,341,53,0.15207373271889402,0.16129032258064516
2013,Facultad de Educación,Pedagogía,0.5913,56,32,220,127,276,159,0.5714285714285714,0.5772727272727273
2013,Facultad de Educación,Educación Física,0.5473,86,44,215,130,301,174,0.5116279069767442,0.6046511627906976
2013,Facultad de Humanidades,Historia,0.4903,85,45,234,115,319,160,0.5294117647058824,0.49145299145299143
2013,Facultad de Humanidades,Literatura,0.6069,49,29,243,155,292,184,0.5918367346938775,0.6378600823045267
2014,Facultad de Ingeniería,Ing. Mecatrónica,0.2428,166,40,197,46,363,86,0.24096385542168675,0.233502538071066
2014,Facultad de Ingeniería,Ing. Eléctrica,0.2187,143,33,198,41,341,74,0.23076923076923078,0.20707070707070707
2014,Facultad de Ingeniería,Ing. Industrial,0.5441,82,42,343,194,425,236,0.5121951219512195,0.565597667638484
2014,Facultad de Computación y Datos,Ing. en Computación,0.5026,99,54,304,155,403,209,0.5454545454545454,0.5098684210526315
2014,Facultad de Computación y Datos,Ciencia de Datos,0.084,258,25,139,7,397,32,0.09689922480620156,0.050359712230215826
2014,Facultad de Computación y Datos,Ciberseguridad,0.4807,95,50,279,146,374,196,0.5263157894736842,0.5232974910394266
2014,Facultad de Ciencias de la Salud,Medicina,0.05,478,31,87,8,565,39,0.06485355648535565,0.09195402298850575
2014,Facultad de Ciencias de la Salud,Enfermería,0.1,267,33,94,12,361,45,0.12359550561797752,0.1276595744680851
2014,Facultad de Ciencias de la Salud,Nutrición,0.1148,256,27,128,12,384,39,0.10546875,0.09375
2014,Facultad de Ciencias Naturales,Biología,0.0961,269,26,134,11,403,37,0.09665427509293681,0.08208955223880597
2014,Facultad de Ciencias Naturales,Química,0.1401,177,31,191,29,368,60,0.1751412429378531,0.1518324607329843
2014,Facultad de Ciencias Naturales,Matemáticas,0.4288,145,62,240,113,385,175,0.42758620689655175,0.4708333333333333
2014,Facultad de Ciencias Sociales,Psicología,0.0626,422,22,92,10,514,32,0.052132701421800945,0.10869565217391304
2014,Facultad de Ciencias Sociales,Sociología,0.215,152,35,188,36,340,71,0.23026315789473684,0.19148936170212766
2014,Facultad de Economía y Negocios,Administración,0.5603,66,36,312,174,378,210,0.5454545454545454,0.5576923076923077
2014,Facultad de Economía y Negocios,Economía,0.4626,97,40,296,137,393,177,0.41237113402061853,0.46283783783783783
2014,Facultad de Economía y Negocios,Contaduría,0.5806,67,36,370,220,437,256,0.5373134328358209,0.5945945945945946
2014,Facultad de Derecho y Gobierno,Derecho,0.0783,364,18,127,10,491,28,0.04945054945054945,0.07874015748031496
2014,Facultad de Derecho y Gobierno,Administración Pública,0.5483,67,39,325,184,392,223,0.582089552238806,0.5661538461538461
2014,Facultad de Artes y Diseño,Arquitectura,0.0496,357,16,123,6,480,22,0.04481792717086835,0.04878048780487805
2014,Facultad de Artes y Diseño,Diseño Gráfico,0.1267,235,30,127,14,362,44,0.1276595744680851,0.11023622047244094
2014,Facultad de Educación,Pedagogía,0.5871,50,31,261,148,311,179,0.62,0.5670498084291188
2014,Facultad de Educación,Educación Física,0.5308,69,40,249,133,318,173,0.5797101449275363,0.5341365461847389
2014,Facultad de Humanidades,Historia,0.4895,72,29,242,116,314,145,0.4027777777777778,0.4793388429752066
2014,Facultad de Humanidades,Literatura,0.6022,56,33,260,164,316,197,0.5892857142857143,0.6307692307692307
2015,Facultad de Ingeniería,Ing. Mecatrónica,0.247,156,41,171,40,327,81,0.26282051282051283,0.23391812865497075
2015,Facultad de Ingeniería,Ing. Eléctrica,0.2261,158,31,203,39,361,70,0.1962025316455696,0.1921182266009852
2015,Facultad de Ingeniería,Ing. Industrial,0.5555,85,48,327,172,412,220,0.5647058823529412,0.5259938837920489
2015,Facultad de Computación y Datos,Ing. en Computación,0.5113,83,40,307,176,390,216,0.4819277108433735,0.5732899022801303
2015,Facultad de Computación y Datos,Ciencia de Datos,0.0892,328,28,135,9,463,37,0.08536585365853659,0.06666666666666667
2015,Facultad de Computación y Datos,Ciberseguridad,0.4835,123,65,294,137,417,202,0.5284552845528455,0.46598639455782315
2015,Facultad de Ciencias de la Salud,Medicina,0.052,532,27,100,5,632,32,0.05075187969924812,0.05
2015,Facultad de Ciencias de la Salud,Enfermería,0.0962,302,38,109,16,411,54,0.12582781456953643,0.14678899082568808
2015,Facultad de Ciencias de la Salud,Nutrición,0.1037,247,23,103,8,350,31,0.0931174089068826,0.07766990291262135
2015,Facultad de Ciencias Naturales,Biología,0.0903,273,25,133,14,406,39,0.09157509157509157,0.10526315789473684
2015,Facultad de Ciencias Naturales,Química,0.1359,193,29,228,33,421,62,0.15025906735751296,0.14473684210526316
2015,Facultad de Ciencias Naturales,Matemáticas,0.4319,175,91,252,102,427,193,0.52,0.40476190476190477
2015,Facultad de Ciencias Sociales,Psicología,0.0536,446,35,101,6,547,41,0.07847533632286996,0.0594059405940594
2015,Facultad de Ciencias Sociales,Sociología,0.2204,158,28,205,48,363,76,0.17721518987341772,0.23414634146341465
2015,Facultad de Economía y Negocios,Administración,0.5696,69,34,379,204,448,238,0.4927536231884058,0.5382585751978892
2015,Facultad de Economía y Negocios,Economía,0.4556,93,44,280,116,373,160,0.4731182795698925,0.4142857142857143
2015,Facultad de Economía y Negocios,Contaduría,0.5898,48,28,374,228,422,256,0.5833333333333334,0.6096256684491979
2015,Facultad de Derecho y Gobierno,Derecho,0.0647,406,21,140,11,546,32,0.05172413793103448,0.07857142857142857
2015,Facultad de Derecho y Gobierno,Administración Pública,0.5566,57,35,360,207,417,242,0.6140350877192983,0.575
2015,Facultad de Artes y Diseño,Arquitectura,0.062,417,25,104,6,521,31,0.05995203836930456,0.057692307692307696
2015,Facultad de Artes y Diseño,Diseño Gráfico,0.1216,232,30,138,15,370,45,0.12931034482758622,0.10869565217391304
2015,Facultad de Educación,Pedagogía,0.5951,63,31,254,147,317,178,0.49206349206349204,0.5787401574803149
2015,Facultad de Educación,Educación Física,0.5519,99,61,249,135,348,196,0.6161616161616161,0.5421686746987951
2015,Facultad de Humanidades,Historia,0.4934,78,48,276,123,354,171,0.6153846153846154,0.44565217391304346
2015,Facultad de Humanidades,Literatura,0.6181,60,37,282,188,342,225,0.6166666666666667,0.6666666666666666
2016,Facultad de Ingeniería,Ing. Mecatrónica,0.248,158,33,192,34,350,67,0.2088607594936709,0.17708333333333334
2016,Facultad de Ingeniería,Ing. Eléctrica,0.2243,192,46,187,48,379,94,0.23958333333333334,0.25668449197860965
2016,Facultad de Ingeniería,Ing. Industrial,0.5431,73,35,335,168,408,203,0.4794520547945205,0.5014925373134328
2016,Facultad de Computación y Datos,Ing. en Computación,0.4991,93,42,344,194,437,236,0.45161290322580644,0.563953488372093
2016,Facultad de Computación y Datos,Ciencia de Datos,0.0923,283,21,147,15,430,36,0.07420494699646643,0.10204081632653061
2016,Facultad de Computación y Datos,Ciberseguridad,0.4813,116,62,286,133,402,195,0.5344827586206896,0.46503496503496505
2016,Facultad de Ciencias de la Salud,Medicina,0.0602,582,38,87,5,669,43,0.06529209621993128,0.05747126436781609
2016,Facultad de Ciencias de la Salud,Enfermería,0.0989,334,27,112,11,446,38,0.08083832335329341,0.09821428571428571
2016,Facultad de Ciencias de la Salud,Nutrición,0.1132,283,28,110,12,393,40,0.0989399293286219,0.10909090909090909
2016,Facultad de Ciencias Naturales,Biología,0.0957,260,32,157,13,417,45,0.12307692307692308,0.08280254777070063
2016,Facultad de Ciencias Naturales,Química,0.1456,202,32,203,27,405,59,0.15841584158415842,0.1330049261083744
2016,Facultad de Ciencias Naturales,Matemáticas,0.4251,155,71,272,118,427,189,0.45806451612903226,0.4338235294117647
2016,Facultad de Ciencias Sociales,Psicología,0.0642,449,29,94,4,543,33,0.0645879732739421,0.0425531914893617
2016,Facultad de Ciencias Sociales,Sociología,0.2152,163,39,178,42,341,81,0.2392638036809816,0.23595505617977527
2016,Facultad de Economía y Negocios,Administración,0.566,54,35,343,198,397,233,0.6481481481481481,0.577259475218659
2016,Facultad de Economía y Negocios,Economía,0.4457,79,34,297,131,376,165,0.43037974683544306,0.44107744107744107
2016,Facultad de Economía y Negocios,Contaduría,0.5729,78,47,364,198,442,245,0.6025641025641025,0.5439560439560439
2016,Facultad de Derecho y Gobierno,Derecho,0.0792,380,26,157,7,537,33,0.06842105263157895,0.044585987261146494
2016,Facultad de Derecho y Gobierno,Administración Pública,0.5494,79,50,383,219,462,269,0.6329113924050633,0.5718015665796344
2016,Facultad de Artes y Diseño,Arquitectura,0.0651,361,27,129,9,490,36,0.07479224376731301,0.06976744186046512
2016,Facultad de Artes y Diseño,Diseño Gráfico,0.1278,244,31,157,22,401,53,0.12704918032786885,0.14012738853503184
2016,Facultad de Educación,Pedagogía,0.5885,54,31,263,163,317,194,0.5740740740740741,0.6197718631178707
2016,Facultad de Educación,Educación Física,0.5309,106,53,283,157,389,210,0.5,0.5547703180212014
2016,Facultad de Humanidades,Historia,0.4891,102,53,271,146,373,199,0.5196078431372549,0.5387453874538746
2016,Facultad de Humanidades,Literatura,0.5952,48,25,313,184,361,209,0.5208333333333334,0.5878594249201278
2017,Facultad de Ingeniería,Ing. Mecatrónica,0.2512,152,48,169,50,321,98,0.3157894736842105,0.2958579881656805
2017,Facultad de Ingeniería,Ing. Eléctrica,0.2135,142,26,190,45,332,71,0.18309859154929578,0.23684210526315788
2017,Facultad de Ingeniería,Ing. Industrial,0.5656,58,31,346,208,404,239,0.5344827586206896,0.6011560693641619
2017,Facultad de Computación y Datos,Ing. en Computación,0.5121,106,51,301,145,407,196,0.4811320754716981,0.48172757475083056
2017,Facultad de Computación y Datos,Ciencia de Datos,0.0788,256,14,126,7,382,21,0.0546875,0.05555555555555555
2017,Facultad de Computación y Datos,Ciberseguridad,0.4813,112,53,302,140,414,193,0.4732142857142857,0.46357615894039733
2017,Facultad de Ciencias de la Salud,Medicina,0.04,508,22,84,5,592,27,0.04330708661417323,0.05952380952380952
2017,Facultad de Ciencias de la Salud,Enfermería,0.0905,308,27,103,10,411,37,0.08766233766233766,0.0970873786407767
2017,Facultad de Ciencias de la Salud,Nutrición,0.1049,261,26,105,17,366,43,0.09961685823754789,0.1619047619047619
2017,Facultad de Ciencias Naturales,Biología,0.076,240,19,113,6,353,25,0.07916666666666666,0.05309734513274336
2017,Facultad de Ciencias Naturales,Química,0.131,163,25,195,23,358,48,0.15337423312883436,0.11794871794871795
2017,Facultad de Ciencias Naturales,Matemáticas,0.4374,153,67,258,113,411,180,0.43790849673202614,0.437984496124031
2017,Facultad de Ciencias Sociales,Psicología,0.0428,417,24,100,3,517,27,0.05755395683453238,0.03
2017,Facultad de Ciencias Sociales,Sociología,0.2109,157,36,169,49,326,85,0.22929936305732485,0.28994082840236685
2017,Facultad de Economía y Negocios,Administración,0.5767,52,31,300,163,352,194,0.5961538461538461,0.5433333333333333
2017,Facultad de Economía y Negocios,Economía,0.4609,75,37,251,114,326,151,0.49333333333333335,0.4541832669322709
2017,Facultad de Economía y Negocios,Contaduría,0.5901,60,35,361,201,421,236,0.5833333333333334,0.556786703601108
2017,Facultad de Derecho y Gobierno,Derecho,0.0654,397,26,122,5,519,31,0.0654911838790932,0.040983606557377046
2017,Facultad de Derecho y Gobierno,Administración Pública,0.5644,69,43,339,175,408,218,0.6231884057971014,0.5162241887905604
2017,Facultad de Artes y Diseño,Arquitectura,0.046,366,15,106,7,472,22,0.040983606557377046,0.0660377358490566
2017,Facultad de Artes y Diseño,Diseño Gráfico,0.1165,244,30,131,17,375,47,0.12295081967213115,0.1297709923664122
2017,Facultad de Educación,Pedagogía,0.6009,51,29,257,162,308,191,0.5686274509803921,0.6303501945525292
2017,Facultad de Educación,Educación Física,0.5508,96,48,237,138,333,186,0.5,0.5822784810126582
2017,Facultad de Humanidades,Historia,0.4966,99,48,254,137,353,185,0.48484848484848486,0.5393700787401575
2017,Facultad de Humanidades,Literatura,0.6169,56,33,265,150,321,183,0.5892857142857143,0.5660377358490566
2018,Facultad de Ingeniería,Ing. Mecatrónica,0.2383,159,36,170,46,329,82,0.22641509433962265,0.27058823529411763
2018,Facultad de Ingeniería,Ing. Eléctrica,0.2213,155,28,203,53,358,81,0.18064516129032257,0.26108374384236455
2018,Facultad de Ingeniería,Ing. Industrial,0.5467,78,47,311,162,389,209,0.6025641025641025,0.5209003215434084
2018,Facultad de Computación y Datos,Ing. en Computación,0.498,91,46,295,150,386,196,0.5054945054945055,0.5084745762711864
2018,Facultad de Computación y Datos,Ciencia de Datos,0.0905,273,26,141,8,414,34,0.09523809523809523,0.05673758865248227
2018,Facultad de Computación y Datos,Ciberseguridad,0.4792,106,51,299,147,405,198,0.4811320754716981,0.4916387959866221
2018,Facultad de Ciencias de la Salud,Medicina,0.0545,497,34,80,7,577,41,0.06841046277665996,0.0875
2018,Facultad de Ciencias de la Salud,Enfermería,0.1028,303,39,100,6,403,45,0.12871287128712872,0.06
2018,Facultad de Ciencias de la Salud,Nutrición,0.1091,274,30,123,14,397,44,0.10948905109489052,0.11382113821138211
2018,Facultad de Ciencias Naturales,Biología,0.095,233,20,132,16,365,36,0.08583690987124463,0.12121212121212122
2018,Facultad de Ciencias Naturales,Química,0.1382,194,28,189,25,383,53,0.14432989690721648,0.13227513227513227
2018,Facultad de Ciencias Naturales,Matemáticas,0.4305,174,66,234,99,408,165,0.3793103448275862,0.4230769230769231
2018,Facultad de Ciencias Sociales,Psicología,0.0628,446,34,90,5,536,39,0.07623318385650224,0.05555555555555555
2018,Facultad de Ciencias Sociales,Sociología,0.2243,148,32,178,43,326,75,0.21621621621621623,0.24157303370786518
2018,Facultad de Economía y Negocios,Administración,0.5634,72,44,336,191,408,235,0.6111111111111112,0.5684523809523809
2018,Facultad de Economía y Negocios,Economía,0.46,103,47,264,117,367,164,0.4563106796116505,0.4431818181818182
2018,Facultad de Economía y Negocios,Contaduría,0.5809,54,23,373,201,427,224,0.42592592592592593,0.5388739946380697
2018,Facultad de Derecho y Gobierno,Derecho,0.0739,373,28,144,6,517,34,0.07506702412868632,0.041666666666666664
2018,Facultad de Derecho y Gobierno,Administración Pública,0.5455,66,39,321,159,387,198,0.5909090909090909,0.4953271028037383
2018,Facultad de Artes y Diseño,Arquitectura,0.0581,336,17,113,7,449,24,0.050595238095238096,0.061946902654867256
2018,Facultad de Artes y Diseño,Diseño Gráfico,0.1211,222,30,144,18,366,48,0.13513513513513514,0.125
2018,Facultad de Educación,Pedagogía,0.5873,62,36,219,140,281,176,0.5806451612903226,0.639269406392694
2018,Facultad de Educación,Educación Física,0.5371,96,59,279,161,375,220,0.6145833333333334,0.5770609318996416
2018,Facultad de Humanidades,Historia,0.489,92,38,254,118,346,156,0.41304347826086957,0.4645669291338583
2018,Facultad de Humanidades,Literatura,0.6061,54,33,264,179,318,212,0.6111111111111112,0.678030303030303
2019,Facultad de Ingeniería,Ing. Mecatrónica,0.2406,157,32,171,40,328,72,0.20382165605095542,0.23391812865497075
2019,Facultad de Ingeniería,Ing. Eléctrica,0.2225,155,38,194,43,349,81,0.24516129032258063,0.22164948453608246
2019,Facultad de Ingeniería,Ing. Industrial,0.5498,91,50,326,176,417,226,0.5494505494505495,0.5398773006134969
2019,Facultad de Computación y Datos,Ing. en Computación,0.4996,87,41,266,134,353,175,0.47126436781609193,0.5037593984962406
2019,Facultad de Computación y Datos,Ciencia de Datos,0.0842,256,25,160,15,416,40,0.09765625,0.09375
2019,Facultad de Computación y Datos,Ciberseguridad,0.4751,88,45,299,132,387,177,0.5113636363636364,0.4414715719063545
2019,Facultad de Ciencias de la Salud,Medicina,0.0501,530,28,91,3,621,31,0.052830188679245285,0.03296703296703297
2019,Facultad de Ciencias de la Salud,Enfermería,0.0909,278,41,99,6,377,47,0.1474820143884892,0.06060606060606061
2019,Facultad de Ciencias de la Salud,Nutrición,0.1042,265,23,94,8,359,31,0.08679245283018867,0.0851063829787234
2019,Facultad de Ciencias Naturales,Biología,0.0965,275,30,141,15,416,45,0.10909090909090909,0.10638297872340426
2019,Facultad de Ciencias Naturales,Química,0.1327,170,21,182,25,352,46,0.12352941176470589,0.13736263736263737
2019,Facultad de Ciencias Naturales,Matemáticas,0.4312,153,61,243,108,396,169,0.39869281045751637,0.4444444444444444
2019,Facultad de Ciencias Sociales,Psicología,0.0623,402,28,95,8,497,36,0.06965174129353234,0.08421052631578947
2019,Facultad de Ciencias Sociales,Sociología,0.2124,156,30,181,36,337,66,0.19230769230769232,0.19889502762430938
2019,Facultad de Economía y Negocios,Administración,0.5652,69,33,327,182,396,215,0.4782608695652174,0.5565749235474006
2019,Facultad de Economía y Negocios,Economía,0.4597,95,42,278,127,373,169,0.4421052631578947,0.4568345323741007
2019,Facultad de Economía y Negocios,Contaduría,0.5848,49,32,379,239,428,271,0.6530612244897959,0.6306068601583114
2019,Facultad de Derecho y Gobierno,Derecho,0.0751,341,22,127,10,468,32,0.06451612903225806,0.07874015748031496
2019,Facultad de Derecho y Gobierno,Administración Pública,0.5542,70,39,322,178,392,217,0.5571428571428572,0.5527950310559007
2019,Facultad de Artes y Diseño,Arquitectura,0.0539,418,25,112,9,530,34,0.05980861244019139,0.08035714285714286
2019,Facultad de Artes y Diseño,Diseño Gráfico,0.1193,229,25,141,18,370,43,0.1091703056768559,0.1276595744680851
2019,Facultad de Educación,Pedagogía,0.5996,56,35,270,152,326,187,0.625,0.562962962962963
2019,Facultad de Educación,Educación Física,0.542,93,43,251,135,344,178,0.46236559139784944,0.5378486055776892
2019,Facultad de Humanidades,Historia,0.4949,104,51,270,125,374,176,0.49038461538461536,0.46296296296296297
2019,Facultad de Humanidades,Literatura,0.609,64,46,260,149,324,195,0.71875,0.573076923076923
2020,Facultad de Ingeniería,Ing. Mecatrónica,0.2481,149,39,164,39,313,78,0.26174496644295303,0.23780487804878048
2020,Facultad de Ingeniería,Ing. Eléctrica,0.2159,170,30,173,48,343,78,0.17647058823529413,0.2774566473988439
2020,Facultad de Ingeniería,Ing. Industrial,0.5364,78,38,326,168,404,206,0.48717948717948717,0.5153374233128835
2020,Facultad de Computación y Datos,Ing. en Computación,0.4941,91,40,332,152,423,192,0.43956043956043955,0.4578313253012048
2020,Facultad de Computación y Datos,Ciencia de Datos,0.0941,249,18,118,10,367,28,0.07228915662650602,0.0847457627118644
2020,Facultad de Computación y Datos,Ciberseguridad,0.4669,115,42,299,154,414,196,0.3652173913043478,0.5150501672240803
2020,Facultad de Ciencias de la Salud,Medicina,0.0511,529,29,97,3,626,32,0.054820415879017016,0.030927835051546393
2020,Facultad de Ciencias de la Salud,Enfermería,0.1031,296,30,124,9,420,39,0.10135135135135136,0.07258064516129033
2020,Facultad de Ciencias de la Salud,Nutrición,0.1185,258,37,99,13,357,50,0.1434108527131783,0.13131313131313133
2020,Facultad de Ciencias Naturales,Biología,0.0908,220,15,133,12,353,27,0.06818181818181818,0.09022556390977443
2020,Facultad de Ciencias Naturales,Química,0.1352,190,20,186,30,376,50,0.10526315789473684,0.16129032258064516
2020,Facultad de Ciencias Naturales,Matemáticas,0.4202,149,63,249,107,398,170,0.4228187919463087,0.42971887550200805
2020,Facultad de Ciencias Sociales,Psicología,0.068,406,25,95,6,501,31,0.06157635467980296,0.06315789473684211
2020,Facultad de Ciencias Sociales,Sociología,0.2136,163,40,179,52,342,92,0.24539877300613497,0.2905027932960894
2020,Facultad de Economía y Negocios,Administración,0.5534,58,35,342,198,400,233,0.603448275862069,0.5789473684210527
2020,Facultad de Economía y Negocios,Economía,0.447,101,41,267,122,368,163,0.40594059405940597,0.45692883895131087
2020,Facultad de Economía y Negocios,Contaduría,0.5668,54,30,408,249,462,279,0.5555555555555556,0.6102941176470589
2020,Facultad de Derecho y Gobierno,Derecho,0.0753,365,37,114,6,479,43,0.10136986301369863,0.05263157894736842
2020,Facultad de Derecho y Gobierno,Administración Pública,0.5369,66,32,319,184,385,216,0.48484848484848486,0.5768025078369906
2020,Facultad de Artes y Diseño,Arquitectura,0.0593,378,26,97,9,475,35,0.06878306878306878,0.09278350515463918
2020,Facultad de Artes y Diseño,Diseño Gráfico,0.1287,211,23,131,15,342,38,0.10900473933649289,0.11450381679389313
2020,Facultad de Educación,Pedagogía,0.5785,47,27,275,149,322,176,0.574468085106383,0.5418181818181819
2020,Facultad de Educación,Educación Física,0.5267,92,40,272,154,364,194,0.43478260869565216,0.5661764705882353
2020,Facultad de Humanidades,Historia,0.482,103,57,233,109,336,166,0.5533980582524272,0.4678111587982833
2020,Facultad de Humanidades,Literatura,0.5896,46,28,259,146,305,174,0.6086956521739131,0.5637065637065637
2021,Facultad de Ingeniería,Ing. Mecatrónica,0.2473,152,38,206,56,358,94,0.25,0.27184466019417475
2021,Facultad de Ingeniería,Ing. Eléctrica,0.2239,155,37,160,35,315,72,0.23870967741935484,0.21875
2021,Facultad de Ingeniería,Ing. Industrial,0.5442,75,42,290,146,365,188,0.56,0.503448275862069
2021,Facultad de Computación y Datos,Ing. en Computación,0.5038,93,40,312,167,405,207,0.43010752688172044,0.5352564102564102
2021,Facultad de Computación y Datos,Ciencia de Datos,0.0899,276,21,137,9,413,30,0.07608695652173914,0.06569343065693431
2021,Facultad de Computación y Datos,Ciberseguridad,0.4744,98,33,304,130,402,163,0.336734693877551,0.4276315789473684
2021,Facultad de Ciencias de la Salud,Medicina,0.0542,530,26,72,4,602,30,0.04905660377358491,0.05555555555555555
2021,Facultad de Ciencias de la Salud,Enfermería,0.1071,328,34,96,8,424,42,0.10365853658536585,0.08333333333333333
2021,Facultad de Ciencias de la Salud,Nutrición,0.1134,263,29,113,12,376,41,0.11026615969581749,0.10619469026548672
2021,Facultad de Ciencias Naturales,Biología,0.0935,252,28,148,9,400,37,0.1111111111111111,0.060810810810810814
2021,Facultad de Ciencias Naturales,Química,0.1406,213,18,185,24,398,42,0.08450704225352113,0.12972972972972974
2021,Facultad de Ciencias Naturales,Matemáticas,0.4382,162,80,235,92,397,172,0.49382716049382713,0.39148936170212767
2021,Facultad de Ciencias Sociales,Psicología,0.0642,426,19,82,4,508,23,0.04460093896713615,0.04878048780487805
2021,Facultad de Ciencias Sociales,Sociología,0.2189,149,31,181,37,330,68,0.2080536912751678,0.20441988950276244
2021,Facultad de Economía y Negocios,Administración,0.56,49,25,298,162,347,187,0.5102040816326531,0.5436241610738255
2021,Facultad de Economía y Negocios,Economía,0.4571,86,43,242,120,328,163,0.5,0.49586776859504134
2021,Facultad de Economía y Negocios,Contaduría,0.5711,42,24,377,225,419,249,0.5714285714285714,0.596816976127321
2021,Facultad de Derecho y Gobierno,Derecho,0.0873,387,42,145,7,532,49,0.10852713178294573,0.04827586206896552
2021,Facultad de Derecho y Gobierno,Administración Pública,0.5501,62,34,333,185,395,219,0.5483870967741935,0.5555555555555556
2021,Facultad de Artes y Diseño,Arquitectura,0.0657,365,22,112,9,477,31,0.06027397260273973,0.08035714285714286
2021,Facultad de Artes y Diseño,Diseño Gráfico,0.1382,238,34,152,15,390,49,0.14285714285714285,0.09868421052631579
2021,Facultad de Educación,Pedagogía,0.5901,44,28,300,192,344,220,0.6363636363636364,0.64
2021,Facultad de Educación,Educación Física,0.5368,93,51,260,149,353,200,0.5483870967741935,0.573076923076923
2021,Facultad de Humanidades,Historia,0.4878,84,43,261,131,345,174,0.5119047619047619,0.5019157088122606
2021,Facultad de Humanidades,Literatura,0.6064,71,44,292,188,363,232,0.6197183098591549,0.6438356164383562
2022,Facultad de Ingeniería,Ing. Mecatrónica,0.2468,141,33,181,40,322,73,0.23404255319148937,0.22099447513812154
2022,Facultad de Ingeniería,Ing. Eléctrica,0.2206,181,44,180,36,361,80,0.2430939226519337,0.2
2022,Facultad de Ingeniería,Ing. Industrial,0.5572,84,49,296,158,380,207,0.5833333333333334,0.5337837837837838
2022,Facultad de Computación y Datos,Ing. en Computación,0.5098,90,38,267,139,357,177,0.4222222222222222,0.5205992509363296
2022,Facultad de Computación y Datos,Ciencia de Datos,0.0847,274,19,156,16,430,35,0.06934306569343066,0.10256410256410256
2022,Facultad de Computación y Datos,Ciberseguridad,0.4831,107,47,286,134,393,181,0.4392523364485981,0.46853146853146854
2022,Facultad de Ciencias de la Salud,Medicina,0.051,546,30,92,5,638,35,0.054945054945054944,0.05434782608695652
2022,Facultad de Ciencias de la Salud,Enfermería,0.093,297,19,87,10,384,29,0.06397306397306397,0.11494252873563218
2022,Facultad de Ciencias de la Salud,Nutrición,0.1118,253,18,122,15,375,33,0.07114624505928854,0.12295081967213115
2022,Facultad de Ciencias Naturales,Biología,0.0897,257,18,147,11,404,29,0.07003891050583658,0.07482993197278912
2022,Facultad de Ciencias Naturales,Química,0.136,179,30,191,23,370,53,0.16759776536312848,0.12041884816753927
2022,Facultad de Ciencias Naturales,Matemáticas,0.4306,173,87,225,99,398,186,0.5028901734104047,0.44
2022,Facultad de Ciencias Sociales,Psicología,0.063,420,22,95,5,515,27,0.05238095238095238,0.05263157894736842
2022,Facultad de Ciencias Sociales,Sociología,0.2179,159,35,189,40,348,75,0.22012578616352202,0.21164021164021163
2022,Facultad de Economía y Negocios,Administración,0.5682,49,29,341,181,390,210,0.5918367346938775,0.530791788856305
2022,Facultad de Economía y Negocios,Economía,0.4541,95,41,293,126,388,167,0.43157894736842106,0.4300341296928328
2022,Facultad de Economía y Negocios,Contaduría,0.5796,55,31,400,231,455,262,0.5636363636363636,0.5775
2022,Facultad de Derecho y Gobierno,Derecho,0.074,346,22,144,10,490,32,0.06358381502890173,0.06944444444444445
2022,Facultad de Derecho y Gobierno,Administración Pública,0.5493,72,37,297,166,369,203,0.5138888888888888,0.5589225589225589
2022,Facultad de Artes y Diseño,Arquitectura,0.0596,406,26,100,5,506,31,0.06403940886699508,0.05
2022,Facultad de Artes y Diseño,Diseño Gráfico,0.1231,234,27,141,13,375,40,0.11538461538461539,0.09219858156028368
2022,Facultad de Educación,Pedagogía,0.5975,58,32,276,154,334,186,0.5517241379310345,0.5579710144927537
2022,Facultad de Educación,Educación Física,0.5413,99,56,253,126,352,182,0.5656565656565656,0.4980237154150198
2022,Facultad de Humanidades,Historia,0.4912,105,51,270,136,375,187,0.4857142857142857,0.5037037037037037
2022,Facultad de Humanidades,Literatura,0.6185,40,27,293,207,333,234,0.675,0.7064846416382252
2023,Facultad de Ingeniería,Ing. Mecatrónica,0.2461,149,36,211,58,360,94,0.24161073825503357,0.27488151658767773
2023,Facultad de Ingeniería,Ing. Eléctrica,0.2244,161,37,189,44,350,81,0.22981366459627328,0.2328042328042328
2023,Facultad de Ingeniería,Ing. Industrial,0.5507,71,40,358,212,429,252,0.5633802816901409,0.5921787709497207
2023,Facultad de Computación y Datos,Ing. en Computación,0.5001,106,55,330,160,436,215,0.5188679245283019,0.48484848484848486
2023,Facultad de Computación y Datos,Ciencia de Datos,0.0827,298,28,150,11,448,39,0.09395973154362416,0.07333333333333333
2023,Facultad de Computación y Datos,Ciberseguridad,0.4793,110,48,293,138,403,186,0.43636363636363634,0.4709897610921502
2023,Facultad de Ciencias de la Salud,Medicina,0.0494,550,35,81,2,631,37,0.06363636363636363,0.024691358024691357
2023,Facultad de Ciencias de la Salud,Enfermería,0.0936,331,42,101,15,432,57,0.1268882175226586,0.1485148514851485
2023,Facultad de Ciencias de la Salud,Nutrición,0.1107,300,36,134,13,434,49,0.12,0.09701492537313433
2023,Facultad de Ciencias Naturales,Biología,0.0902,296,25,139,12,435,37,0.08445945945945946,0.08633093525179857
2023,Facultad de Ciencias Naturales,Química,0.1286,197,27,190,20,387,47,0.13705583756345177,0.10526315789473684
2023,Facultad de Ciencias Naturales,Matemáticas,0.4311,170,84,253,111,423,195,0.49411764705882355,0.43873517786561267
2023,Facultad de Ciencias Sociales,Psicología,0.0615,426,24,76,8,502,32,0.056338028169014086,0.10526315789473684
2023,Facultad de Ciencias Sociales,Sociología,0.2124,162,40,214,46,376,86,0.24691358024691357,0.21495327102803738
2023,Facultad de Economía y Negocios,Administración,0.563,67,39,401,211,468,250,0.582089552238806,0.5261845386533666
2023,Facultad de Economía y Negocios,Economía,0.4579,100,46,268,123,368,169,0.46,0.458955223880597
2023,Facultad de Economía y Negocios,Contaduría,0.5744,55,29,391,225,446,254,0.5272727272727272,0.5754475703324808
2023,Facultad de Derecho y Gobierno,Derecho,0.0679,365,17,156,8,521,25,0.04657534246575343,0.05128205128205128
2023,Facultad de Derecho y Gobierno,Administración Pública,0.5522,74,40,364,180,438,220,0.5405405405405406,0.4945054945054945
2023,Facultad de Artes y Diseño,Arquitectura,0.051,374,19,132,5,506,24,0.05080213903743316,0.03787878787878788
2023,Facultad de Artes y Diseño,Diseño Gráfico,0.1237,249,37,137,19,386,56,0.14859437751004015,0.1386861313868613
2023,Facultad de Educación,Pedagogía,0.586,67,38,264,137,331,175,0.5671641791044776,0.5189393939393939
2023,Facultad de Educación,Educación Física,0.5404,100,65,262,145,362,210,0.65,0.5534351145038168
2023,Facultad de Humanidades,Historia,0.49,86,43,279,134,365,177,0.5,0.48028673835125446
2023,Facultad de Humanidades,Literatura,0.6143,72,45,279,172,351,217,0.625,0.6164874551971327
2024,Facultad de Ingeniería,Ing. Mecatrónica,0.2435,146,40,169,42,315,82,0.273972602739726,0.2485207100591716
2024,Facultad de Ingeniería,Ing. Eléctrica,0.2237,154,27,187,46,341,73,0.17532467532467533,0.24598930481283424
2024,Facultad de Ingeniería,Ing. Industrial,0.55,84,45,325,183,409,228,0.5357142857142857,0.563076923076923
2024,Facultad de Computación y Datos,Ing. en Computación,0.4944,93,36,319,171,412,207,0.3870967741935484,0.5360501567398119
2024,Facultad de Computación y Datos,Ciencia de Datos,0.0793,289,24,161,13,450,37,0.08304498269896193,0.08074534161490683
2024,Facultad de Computación y Datos,Ciberseguridad,0.4725,97,47,271,134,368,181,0.4845360824742268,0.4944649446494465
2024,Facultad de Ciencias de la Salud,Medicina,0.0468,537,22,98,5,635,27,0.040968342644320296,0.05102040816326531
2024,Facultad de Ciencias de la Salud,Enfermería,0.0929,305,28,105,10,410,38,0.09180327868852459,0.09523809523809523
2024,Facultad de Ciencias de la Salud,Nutrición,0.1061,292,30,113,11,405,41,0.10273972602739725,0.09734513274336283
2024,Facultad de Ciencias Naturales,Biología,0.0943,253,18,139,10,392,28,0.07114624505928854,0.07194244604316546
2024,Facultad de Ciencias Naturales,Química,0.1283,175,16,192,26,367,42,0.09142857142857143,0.13541666666666666
2024,Facultad de Ciencias Naturales,Matemáticas,0.4237,177,70,240,99,417,169,0.3954802259887006,0.4125
2024,Facultad de Ciencias Sociales,Psicología,0.0611,384,16,93,4,477,20,0.041666666666666664,0.043010752688172046
2024,Facultad de Ciencias Sociales,Sociología,0.2098,166,35,175,37,341,72,0.21084337349397592,0.21142857142857144
2024,Facultad de Economía y Negocios,Administración,0.5593,63,35,353,209,416,244,0.5555555555555556,0.5920679886685553
2024,Facultad de Economía y Negocios,Economía,0.4476,110,57,251,106,361,163,0.5181818181818182,0.42231075697211157
2024,Facultad de Economía y Negocios,Contaduría,0.5797,66,39,400,221,466,260,0.5909090909090909,0.5525
2024,Facultad de Derecho y Gobierno,Derecho,0.0757,422,22,127,10,549,32,0.052132701421800945,0.07874015748031496
2024,Facultad de Derecho y Gobierno,Administración Pública,0.549,75,42,346,184,421,226,0.56,0.5317919075144508
2024,Facultad de Artes y Diseño,Arquitectura,0.0529,358,23,112,5,470,28,0.06424581005586592,0.044642857142857144
2024,Facultad de Artes y Diseño,Diseño Gráfico,0.1254,229,26,130,15,359,41,0.11353711790393013,0.11538461538461539
2024,Facultad de Educación,Pedagogía,0.5852,58,36,256,152,314,188,0.6206896551724138,0.59375
2024,Facultad de Educación,Educación Física,0.5369,104,54,266,139,370,193,0.5192307692307693,0.5225563909774437
2024,Facultad de Humanidades,Historia,0.485,106,55,269,130,375,185,0.5188679245283019,0.483271375464684
2024,Facultad de Humanidades,Literatura,0.601,65,37,325,203,390,240,0.5692307692307692,0.6246153846153846
